[{"model": "contenttypes.contenttype", "fields": {"app_label": "admin", "model": "logentry"}}, {"model": "contenttypes.contenttype", "fields": {"app_label": "auth", "model": "permission"}}, {"model": "contenttypes.contenttype", "fields": {"app_label": "auth", "model": "group"}}, {"model": "contenttypes.contenttype", "fields": {"app_label": "auth", "model": "user"}}, {"model": "contenttypes.contenttype", "fields": {"app_label": "contenttypes", "model": "contenttype"}}, {"model": "contenttypes.contenttype", "fields": {"app_label": "sessions", "model": "session"}}, {"model": "contenttypes.contenttype", "fields": {"app_label": "project", "model": "project"}}, {"model": "contenttypes.contenttype", "fields": {"app_label": "customer", "model": "customer"}}, {"model": "sessions.session", "pk": "0x7vocb7qgu6vgn02wmf2yvcre2hxgtr", "fields": {"session_data": ".eJxVjMsOwiAQRf-FtSEd3uPSvd9AgAGpGkhKuzL-uzbpQrf3nHNfzIdtrX4befEzsTMDdvrdYkiP3HZA99Bunafe1mWOfFf4QQe_dsrPy-H-HdQw6rcWUUFxE1mrnS0KggSJqCOiwikb4YoyKAETkEDQIga0BRKSsbpQkez9Aa_BNto:1uiRJm:IHBMBtZQGim8X4L55ZZ7l7EEd_8a1T6NWB8-Is0EHyw", "expire_date": "2025-08-17T05:31:34.697Z"}}, {"model": "project.project", "pk": 1, "fields": {"name_of_project": "Asif Garden", "project_address": "Uttara, Dhaka", "contact_person_name": "Asif-PE", "contact_person_number": "2389"}}, {"model": "project.project", "pk": 2, "fields": {"name_of_project": "Belal Garden", "project_address": "Uttara, Dhaka", "contact_person_name": "Belal-PE", "contact_person_number": "2378"}}, {"model": "project.project", "pk": 3, "fields": {"name_of_project": "Emon Garden", "project_address": "Uttara, Dhaka", "contact_person_name": "Emon-PE", "contact_person_number": "1378"}}, {"model": "customer.customer", "pk": 1, "fields": {"customer_name": "Asif Ahmed", "customer_email": "asif@gmail.com", "customer_phone": "3478", "customer_address": "Uttara, Dhaka", "created_at": "2025-08-03T05:18:38.704Z", "updated_at": "2025-08-03T05:18:38.704Z"}}, {"model": "customer.customer", "pk": 2, "fields": {"customer_name": "Belal Ahmed", "customer_email": "belal@gmail.com", "customer_phone": "4587", "customer_address": "Uttara, Dhaka", "created_at": "2025-08-03T05:19:28.521Z", "updated_at": "2025-08-03T05:19:28.521Z"}}, {"model": "customer.customer", "pk": 3, "fields": {"customer_name": "Emon Ahmed", "customer_email": "emon@gmail.com", "customer_phone": "4378", "customer_address": "Uttara, Dhaka", "created_at": "2025-08-03T05:20:13.810Z", "updated_at": "2025-08-03T05:20:13.810Z"}}, {"model": "auth.permission", "fields": {"name": "Can add log entry", "content_type": ["admin", "logentry"], "codename": "add_logentry"}}, {"model": "auth.permission", "fields": {"name": "Can change log entry", "content_type": ["admin", "logentry"], "codename": "change_logentry"}}, {"model": "auth.permission", "fields": {"name": "Can delete log entry", "content_type": ["admin", "logentry"], "codename": "delete_logentry"}}, {"model": "auth.permission", "fields": {"name": "Can view log entry", "content_type": ["admin", "logentry"], "codename": "view_logentry"}}, {"model": "auth.permission", "fields": {"name": "Can add permission", "content_type": ["auth", "permission"], "codename": "add_permission"}}, {"model": "auth.permission", "fields": {"name": "Can change permission", "content_type": ["auth", "permission"], "codename": "change_permission"}}, {"model": "auth.permission", "fields": {"name": "Can delete permission", "content_type": ["auth", "permission"], "codename": "delete_permission"}}, {"model": "auth.permission", "fields": {"name": "Can view permission", "content_type": ["auth", "permission"], "codename": "view_permission"}}, {"model": "auth.permission", "fields": {"name": "Can add group", "content_type": ["auth", "group"], "codename": "add_group"}}, {"model": "auth.permission", "fields": {"name": "Can change group", "content_type": ["auth", "group"], "codename": "change_group"}}, {"model": "auth.permission", "fields": {"name": "Can delete group", "content_type": ["auth", "group"], "codename": "delete_group"}}, {"model": "auth.permission", "fields": {"name": "Can view group", "content_type": ["auth", "group"], "codename": "view_group"}}, {"model": "auth.permission", "fields": {"name": "Can add user", "content_type": ["auth", "user"], "codename": "add_user"}}, {"model": "auth.permission", "fields": {"name": "Can change user", "content_type": ["auth", "user"], "codename": "change_user"}}, {"model": "auth.permission", "fields": {"name": "Can delete user", "content_type": ["auth", "user"], "codename": "delete_user"}}, {"model": "auth.permission", "fields": {"name": "Can view user", "content_type": ["auth", "user"], "codename": "view_user"}}, {"model": "auth.permission", "fields": {"name": "Can add content type", "content_type": ["contenttypes", "contenttype"], "codename": "add_contenttype"}}, {"model": "auth.permission", "fields": {"name": "Can change content type", "content_type": ["contenttypes", "contenttype"], "codename": "change_contenttype"}}, {"model": "auth.permission", "fields": {"name": "Can delete content type", "content_type": ["contenttypes", "contenttype"], "codename": "delete_contenttype"}}, {"model": "auth.permission", "fields": {"name": "Can view content type", "content_type": ["contenttypes", "contenttype"], "codename": "view_contenttype"}}, {"model": "auth.permission", "fields": {"name": "Can add session", "content_type": ["sessions", "session"], "codename": "add_session"}}, {"model": "auth.permission", "fields": {"name": "Can change session", "content_type": ["sessions", "session"], "codename": "change_session"}}, {"model": "auth.permission", "fields": {"name": "Can delete session", "content_type": ["sessions", "session"], "codename": "delete_session"}}, {"model": "auth.permission", "fields": {"name": "Can view session", "content_type": ["sessions", "session"], "codename": "view_session"}}, {"model": "auth.permission", "fields": {"name": "Can add project", "content_type": ["project", "project"], "codename": "add_project"}}, {"model": "auth.permission", "fields": {"name": "Can change project", "content_type": ["project", "project"], "codename": "change_project"}}, {"model": "auth.permission", "fields": {"name": "Can delete project", "content_type": ["project", "project"], "codename": "delete_project"}}, {"model": "auth.permission", "fields": {"name": "Can view project", "content_type": ["project", "project"], "codename": "view_project"}}, {"model": "auth.permission", "fields": {"name": "Can add customer", "content_type": ["customer", "customer"], "codename": "add_customer"}}, {"model": "auth.permission", "fields": {"name": "Can change customer", "content_type": ["customer", "customer"], "codename": "change_customer"}}, {"model": "auth.permission", "fields": {"name": "Can delete customer", "content_type": ["customer", "customer"], "codename": "delete_customer"}}, {"model": "auth.permission", "fields": {"name": "Can view customer", "content_type": ["customer", "customer"], "codename": "view_customer"}}, {"model": "auth.user", "fields": {"password": "pbkdf2_sha256$1000000$FpHC7rcA2hFc08ZzOysdqf$GGoyjKI67BX9sCzWhuIOuwPvGiHxQXOmLfTqO1UWJwM=", "last_login": "2025-08-03T05:31:34.690Z", "is_superuser": true, "username": "jahangir", "first_name": "", "last_name": "", "email": "alamjahangir248@yahoo.com", "is_staff": true, "is_active": true, "date_joined": "2025-08-03T05:29:02.745Z", "groups": [], "user_permissions": []}}]